{
  "_meta": {
    "purpose": "rep30 2x2 protocol factorial (checkpoint run_mix1/run_mix2 x prompt prefix/raw) + step6000 clean-protocol operating point on holdout30",
    "boot_n": 20000,
    "boot_seed": 2026,
    "wilson_z": 1.96
  },
  "cells": {
    "pub_m1_prefix_rep30": {
      "file": "gemini_judge_devprobe_base_rep30_step4000.json",
      "per_image": {
        "n": 60,
        "judge_errors": 3,
        "clean_yes": {
          "k": 13,
          "pct_ci": [
            21.666666666666668,
            13.122921046407015,
            33.62026834734252
          ]
        },
        "defect": {
          "k": 2,
          "pct_ci": [
            3.3333333333333335,
            0.9189126490150246,
            11.363987528925378
          ]
        },
        "clean_usable": {
          "k": 33,
          "pct_ci": [
            55.00000000000001,
            42.4917145489815,
            66.90654614623918
          ]
        }
      },
      "clustered_defect": {
        "n_subjects": 30,
        "any_defect_k": 2,
        "point_pct": 6.666666666666667,
        "ci95_pct": [
          0.0,
          16.666666666666668
        ],
        "incomplete_subjects": []
      }
    },
    "A_m1_raw_rep30": {
      "file": "gemini_judge_m1raw_rep30_band_10-25_r8_step4000.json",
      "per_image": {
        "n": 60,
        "judge_errors": 1,
        "clean_yes": {
          "k": 10,
          "pct_ci": [
            16.666666666666664,
            9.313077201321033,
            28.03185149720783
          ]
        },
        "defect": {
          "k": 10,
          "pct_ci": [
            16.666666666666664,
            9.313077201321033,
            28.03185149720783
          ]
        },
        "clean_usable": {
          "k": 31,
          "pct_ci": [
            51.66666666666667,
            39.30759485084357,
            63.82515871422999
          ]
        }
      },
      "clustered_defect": {
        "n_subjects": 30,
        "any_defect_k": 9,
        "point_pct": 30.0,
        "ci95_pct": [
          13.333333333333334,
          46.666666666666664
        ],
        "incomplete_subjects": []
      }
    },
    "B_m2_prefix_rep30": {
      "file": "gemini_judge_m2pfx_rep30_band_10-25_r8_step4000.json",
      "per_image": {
        "n": 60,
        "judge_errors": 2,
        "clean_yes": {
          "k": 10,
          "pct_ci": [
            16.666666666666664,
            9.313077201321033,
            28.03185149720783
          ]
        },
        "defect": {
          "k": 18,
          "pct_ci": [
            30.0,
            19.89801025272689,
            42.50894696639042
          ]
        },
        "clean_usable": {
          "k": 23,
          "pct_ci": [
            38.333333333333336,
            27.08808958488824,
            50.98263545959686
          ]
        }
      },
      "clustered_defect": {
        "n_subjects": 30,
        "any_defect_k": 17,
        "point_pct": 56.666666666666664,
        "ci95_pct": [
          40.0,
          73.33333333333333
        ],
        "incomplete_subjects": []
      }
    },
    "cm_m2_raw_rep30": {
      "file": "gemini_judge_cleanmid_rep30_band_10-25_r8_step4000.json",
      "per_image": {
        "n": 60,
        "judge_errors": 0,
        "clean_yes": {
          "k": 12,
          "pct_ci": [
            20.0,
            11.828389736858965,
            31.782046091817012
          ]
        },
        "defect": {
          "k": 18,
          "pct_ci": [
            30.0,
            19.89801025272689,
            42.50894696639042
          ]
        },
        "clean_usable": {
          "k": 25,
          "pct_ci": [
            41.66666666666667,
            30.064086487871833,
            54.27214568676039
          ]
        }
      },
      "clustered_defect": {
        "n_subjects": 30,
        "any_defect_k": 16,
        "point_pct": 53.333333333333336,
        "ci95_pct": [
          36.666666666666664,
          70.0
        ],
        "incomplete_subjects": []
      }
    },
    "C_m1s6k_raw_ho30": {
      "file": "gemini_judge_m1s6k_ho30_band_10-25_r8_step6000.json",
      "per_image": {
        "n": 60,
        "judge_errors": 0,
        "clean_yes": {
          "k": 25,
          "pct_ci": [
            41.66666666666667,
            30.064086487871833,
            54.27214568676039
          ]
        },
        "defect": {
          "k": 8,
          "pct_ci": [
            13.333333333333334,
            6.914026978309641,
            24.165394590072104
          ]
        },
        "clean_usable": {
          "k": 46,
          "pct_ci": [
            76.66666666666667,
            64.563488659608,
            85.56056838156894
          ]
        }
      },
      "clustered_defect": {
        "n_subjects": 30,
        "any_defect_k": 8,
        "point_pct": 26.666666666666668,
        "ci95_pct": [
          13.333333333333334,
          43.333333333333336
        ],
        "incomplete_subjects": []
      }
    },
    "m1s4k_raw_ho30": {
      "file": "gemini_judge_ho30_band_10-25_r8_step4000.json",
      "per_image": {
        "n": 60,
        "judge_errors": 1,
        "clean_yes": {
          "k": 11,
          "pct_ci": [
            18.333333333333332,
            10.557689037136129,
            29.919993226466286
          ]
        },
        "defect": {
          "k": 12,
          "pct_ci": [
            20.0,
            11.828389736858965,
            31.782046091817012
          ]
        },
        "clean_usable": {
          "k": 32,
          "pct_ci": [
            53.333333333333336,
            40.893208671135106,
            65.372298459012
          ]
        }
      },
      "clustered_defect": {
        "n_subjects": 30,
        "any_defect_k": 11,
        "point_pct": 36.666666666666664,
        "ci95_pct": [
          20.0,
          53.333333333333336
        ],
        "incomplete_subjects": []
      }
    },
    "krea2_ho30": {
      "file": "gemini_judge_krea2.json",
      "per_image": {
        "n": 60,
        "judge_errors": 0,
        "clean_yes": {
          "k": 20,
          "pct_ci": [
            33.33333333333333,
            22.72909421592783,
            45.9433701333366
          ]
        },
        "defect": {
          "k": 1,
          "pct_ci": [
            1.6666666666666667,
            0.2948083860873682,
            8.855338226779477
          ]
        },
        "clean_usable": {
          "k": 35,
          "pct_ci": [
            58.333333333333336,
            45.727854313239625,
            69.93591351212818
          ]
        }
      },
      "clustered_defect": {
        "n_subjects": 30,
        "any_defect_k": 1,
        "point_pct": 3.3333333333333335,
        "ci95_pct": [
          0.0,
          10.0
        ],
        "incomplete_subjects": []
      }
    }
  },
  "verdicts": {
    "factorial_defect_points": {
      "m1_prefix": 3.3333333333333335,
      "m1_raw": 16.666666666666664,
      "m2_prefix": 30.0,
      "m2_raw": 30.0
    },
    "factorial_effects_pp": {
      "prefix_effect_within_m1": 13.33333333333333,
      "prefix_effect_within_m2": 0.0,
      "ckpt_effect_within_prefix": 26.666666666666668,
      "ckpt_effect_within_raw": 13.333333333333336,
      "interaction": -13.33333333333333,
      "published_vs_cleanmid_gap": 26.666666666666668,
      "prefix_share_of_gap_within_m1": 0.4999999999999999
    },
    "m1_raw_vs_m1_prefix_clustered_overlap": true,
    "m2_prefix_vs_m2_raw_clustered_overlap": true,
    "ckpt_effect_within_raw_clustered_overlap": true,
    "ckpt_effect_within_prefix_clustered_overlap": false,
    "factorial_cleanyes_all_overlap": true,
    "factorial_cleanyes_points": {
      "pub_m1_prefix_rep30": 21.666666666666668,
      "A_m1_raw_rep30": 16.666666666666664,
      "B_m2_prefix_rep30": 16.666666666666664,
      "cm_m2_raw_rep30": 20.0
    },
    "s6k_vs_s4k_ho30": {
      "clean_yes": [
        41.66666666666667,
        18.333333333333332
      ],