{
  "_meta": {
    "purpose": "holdout30 cross-set replication of the training-light band-position ablation",
    "boot_n": 20000,
    "boot_seed": 2026,
    "wilson_z": 1.96
  },
  "arms": {
    "early": {
      "band": "0-15",
      "r": 8,
      "rep30_file": "gemini_judge_band_0-15_r8_step4000.json",
      "ho30_file": "gemini_judge_ho30_band_0-15_r8_step4000.json",
      "rep30": {
        "per_image": {
          "n": 60,
          "judge_errors": 1,
          "clean_yes": {
            "k": 9,
            "pct_ci": [
              15.0,
              8.097349242295689,
              26.114825891159615
            ]
          },
          "defect": {
            "k": 5,
            "pct_ci": [
              8.333333333333332,
              3.611992405048589,
              18.06916846811248
            ]
          },
          "clean_usable": {
            "k": 27,
            "pct_ci": [
              45.0,
              33.09345385376082,
              57.5082854510185
            ]
          }
        },
        "clustered_defect": {
          "n_subjects": 30,
          "any_defect_k": 5,
          "point_pct": 16.666666666666668,
          "ci95_pct": [
            3.3333333333333335,
            30.0
          ],
          "incomplete_subjects": []
        }
      },
      "ho30": {
        "per_image": {
          "n": 60,
          "judge_errors": 1,
          "clean_yes": {
            "k": 12,
            "pct_ci": [
              20.0,
              11.828389736858965,
              31.782046091817012
            ]
          },
          "defect": {
            "k": 10,
            "pct_ci": [
              16.666666666666664,
              9.313077201321033,
              28.03185149720783
            ]
          },
          "clean_usable": {
            "k": 29,
            "pct_ci": [
              48.333333333333336,
              36.17484128577001,
              60.69240514915643
            ]
          }
        },
        "clustered_defect": {
          "n_subjects": 30,
          "any_defect_k": 8,
          "point_pct": 26.666666666666668,
          "ci95_pct": [
            13.333333333333334,
            43.333333333333336
          ],
          "incomplete_subjects": []
        }
      }
    },
    "mid": {
      "band": "10-25",
      "r": 8,
      "rep30_file": "gemini_judge_devprobe_base_rep30_step4000.json",
      "ho30_file": "gemini_judge_ho30_band_10-25_r8_step4000.json",
      "rep30": {
        "per_image": {
          "n": 60,
          "judge_errors": 3,
          "clean_yes": {
            "k": 13,
            "pct_ci": [
              21.666666666666668,
              13.122921046407015,
              33.62026834734252
            ]
          },
          "defect": {
            "k": 2,
            "pct_ci": [
              3.3333333333333335,
              0.9189126490150246,
              11.363987528925378
            ]
          },
          "clean_usable": {
            "k": 33,
            "pct_ci": [
              55.00000000000001,
              42.4917145489815,
              66.90654614623918
            ]
          }
        },
        "clustered_defect": {
          "n_subjects": 30,
          "any_defect_k": 2,
          "point_pct": 6.666666666666667,
          "ci95_pct": [
            0.0,
            16.666666666666668
          ],
          "incomplete_subjects": []
        }
      },
      "ho30": {
        "per_image": {
          "n": 60,
          "judge_errors": 1,
          "clean_yes": {
            "k": 11,
            "pct_ci": [
              18.333333333333332,
              10.557689037136129,
              29.919993226466286
            ]
          },
          "defect": {
            "k": 12,
            "pct_ci": [
              20.0,
              11.828389736858965,
              31.782046091817012
            ]
          },
          "clean_usable": {
            "k": 32,
            "pct_ci": [
              53.333333333333336,
              40.893208671135106,
              65.372298459012
            ]
          }
        },
        "clustered_defect": {
          "n_subjects": 30,
          "any_defect_k": 11,
          "point_pct": 36.666666666666664,
          "ci95_pct": [
            20.0,
            53.333333333333336
          ],
          "incomplete_subjects": []
        }
      }
    },
    "late": {
      "band": "14-29",
      "r": 8,
      "rep30_file": "gemini_judge_band_14-29_r8_step4000.json",
      "ho30_file": "gemini_judge_ho30_band_14-29_r8_step4000.json",
      "rep30": {
        "per_image": {
          "n": 60,
          "judge_errors": 2,
          "clean_yes": {
            "k": 13,
            "pct_ci": [
              21.666666666666668,
              13.122921046407015,
              33.62026834734252
            ]
          },
          "defect": {
            "k": 11,
            "pct_ci": [
              18.333333333333332,
              10.557689037136129,
              29.919993226466286
            ]
          },
          "clean_usable": {
            "k": 28,
            "pct_ci": [
              46.666666666666664,
              34.627701540988,
              59.106791328864894
            ]
          }
        },
        "clustered_defect": {
          "n_subjects": 30,
          "any_defect_k": 11,
          "point_pct": 36.666666666666664,
          "ci95_pct": [
            20.0,
            53.333333333333336
          ],
          "incomplete_subjects": []
        }
      },
      "ho30": {
        "per_image": {
          "n": 60,
          "judge_errors": 0,
          "clean_yes": {
            "k": 14,
            "pct_ci": [
              23.333333333333332,
              14.43943161843107,
              35.436511340392016
            ]
          },
          "defect": {
            "k": 5,
            "pct_ci": [
              8.333333333333332,
              3.611992405048589,
              18.06916846811248
            ]
          },
          "clean_usable": {
            "k": 35,
            "pct_ci": [
              58.333333333333336,
              45.727854313239625,
              69.93591351212818
            ]
          }
        },
        "clustered_defect": {
          "n_subjects": 30,
          "any_defect_k": 5,
          "point_pct": 16.666666666666668,
          "ci95_pct": [
            3.3333333333333335,
            30.0
          ],
          "incomplete_subjects": []
        }
      }
    },
    "full-depth": {
      "band": "0-29",
      "r": 4,
      "rep30_file": "gemini_judge_band_0-29_r4_step4000.json",
      "ho30_file": "gemini_judge_ho30_band_0-29_r4_step4000.json",
      "rep30": {
        "per_image": {
          "n": 60,
          "judge_errors": 0,
          "clean_yes": {
            "k": 14,
            "pct_ci": [
              23.333333333333332,
              14.43943161843107,
              35.436511340392016
            ]
          },
          "defect": {
            "k": 17,
            "pct_ci": [
              28.333333333333332,
              18.50667860430859,
              40.76752504973516
            ]
          },
          "clean_usable": {
            "k": 26,
            "pct_ci": [
              43.333333333333336,
              31.572200394400635,
              55.89678534530513
            ]
          }
        },
        "clustered_defect": {
          "n_subjects": 30,
          "any_defect_k": 13,
          "point_pct": 43.333333333333336,
          "ci95_pct": [
            26.666666666666668,
            60.0
          ],
          "incomplete_subjects": []
        }
      },
      "ho30": {
        "per_image": {
          "n": 60,
          "judge_errors": 0,
          "clean_yes": {
            "k": 15,
            "pct_ci": [
              25.0,
              15.77638557841185,
              37.2323109454848
            ]
          },
          "defect": {
            "k": 15,